,name,alpha-2,Country Name,country-code,iso_3166-2,region,sub-region,intermediate-region,region-code,sub-region-code,intermediate-region-code,Entity_x,Economic Complexity Index (ECI) (Observatory of Economic Complexity (2016)),GDP per capita,145446-annotations,agriculture_va,annual_freshwater_withdrawals,births_attended_by_skilled_health_staff,co2_emissions,contraceptive_prevalence_any_method,domestic_credit_provided_by_financial_sector,electric_power_consumption,energy_use,exports_of_goods_and_services,external_debt_stocks_total,fertility_rate_total,foreign_direct_investment_net_inflows,forest_area,gdp,gdp_growth,gni_atlas_method,gni_per_capita_atlas_method,gni_per_capita_ppp,gni_ppp,gross_capital_formation,high_technology_exports,immunization_measles,imports_of_goods_and_services,income_share_held_by_lowest_20,industry_(including_construction)_value_added,inflation_gdp_deflator,life_expectancy_at_birth_total,merchandise_trade,military_expenditure,mobile_cellular_subscriptions,mortality_rate_under_5,net_barter_terms_of_trade_index,net_migration,net_official_development_assistance_and_official_aid_received,personal_remittances_received,population_density,population_growth,population_total,poverty_headcount_ratio_at_dollars,poverty_headcount_ratio_at_national,prevalence_of_hiv_total,prevalence_of_underweight_weight_for_age,primary_completion_rate_total,revenue_excluding_grants,school_enrollment_gender_parity_index,school_enrollment_gross,school_enrollment_primary,statistical_capacity_score,surface_area,tax_revenue,teenage_fertility_rate,terrestrial_and_marine_protected_areas,time_required_to_start_a_business,total_debt_service,urban_population_growth,Year,Country Code_x,Indicator Name_x,IndicatorCode,2016_x,Country Code_y,Indicator Name_y,Indicator Code,2016_y,RESULTS
0,Albania,AL,ALB,8,ISO 3166-2:AL,Europe,Southern Europe,,150.0,39.0,,Albania,-0.99780202,10342.0,,19.84999447,..,..,0.5415888934359399,..,66.39007178,..,..,28.97789918,8516222980,1.659,1044389555,7891.8,11861199831,3.314980684,12420734605,4320,12280,35304171240,25.22382594,0.784313365,96,45.83196365,7.3,21.14196535,-0.632653419,78.194,55.40754809,1.103581009,116.7444442,9.4,93.14646307,..,171039993.3,1306009167,104.9671898,-0.159880412,2876101,0.1,23.7,0.1,..,99.88155365,24.27857375,0.993550003,95.71499634,105.5538635,82.22223333,28750,17.59022981,19.8596,13.14774946,5,15.16811956,1.54401448,2016,Inflation, consumer prices (annual %),FP.CPI.TOTL.ZG,-0.367317209784628,Unemployment, total (% of total labor force) (modeled ILO estimate),SL.UEM.TOTL.ZS,15.4200000762939,0.8130068184089828
1,Algeria,DZ,DZA,12,ISO 3166-2:DZ,Africa,Northern Africa,,2.0,15.0,,Algeria,-0.78158498,14331.0,,12.2200948,..,..,0.09420366560482082,..,..,..,..,20.87248521,5462929064,3.052,1638263954,19560,1.60E+11,3.2,1.77E+11,4370,11510,4.67E+11,50.77772389,0.489614088,94,35.05318267,..,22.86610597,1.548880549,76.298,48.186586,6.384928983,116.0042077,24.8,155.4245765,..,144550003.1,1989023597,17.02594783,2.051352373,40551398,..,..,0.1,..,105.5900497,..,..,..,113.8302002,55.55556667,2381741,..,10.368,7.10549986,18,1.014038027,2.910061429,2016,Inflation, consumer prices (annual %),FP.CPI.TOTL.ZG,6.39769480268749,Unemployment, total (% of total labor force) (modeled ILO estimate),SL.UEM.TOTL.ZS,10.1999998092651,0.7029068130963437
2,Argentina,AR,ARG,32,ISO 3166-2:AR,Americas,Latin America and the Caribbean,South America,19.0,419.0,5.0,Argentina,-0.62205398,18875.0,,6.26456582,..,98.4,0.096393904635079,..,37.93224826,..,..,12.52709517,1.82E+11,2.288,3260164342,290100,5.58E+11,-2.080327844,5.33E+11,12220,19860,8.66E+11,17.66322786,8.982391262,90,13.56679268,4.9,22.05410721,41.11937999,76.221,20.40459154,0.813140078,146.4538276,10.9,155.244929,..,2619999.886,391579047.7,15.92813508,1.057181578,43590368,0.7,30.3,0.4,..,103.8935699,21.25670131,1.020810008,108.4623337,110.7391815,88.8889,2780400,12.09728364,62.939,7.528593349,24.5,34.92833982,1.192602919,2016,Inflation, consumer prices (annual %),FP.CPI.TOTL.ZG,,Unemployment, total (% of total labor force) (modeled ILO estimate),SL.UEM.TOTL.ZS,8.11100006103516,0.12016702885789331
3,Australia,AU,AUS,36,ISO 3166-2:AU,Oceania,Australia and New Zealand,,9.0,53.0,,Australia,-0.46800101,48845.0,,2.404231293,..,98.8,0.6578776529544759,66.9,..,..,..,19.26986314,..,1.752,42969505135,1340372,1.21E+12,2.741643069,1.31E+12,54090,46140,1.12E+12,25.41345346,20.6098143,95,21.54789883,7.4,22.32751257,-0.597558625,82.44878049,32.21843029,2.083689225,109.4312952,3.8,147.9984555,..,..,2056844753,3.144935531,1.561940498,24190907,0.5,..,0.1,..,..,24.8656608,0.925170004,153.0131989,100.7444077,..,7741220,22.27430773,11.8324,28.59184172,2.5,..,1.677390128,2016,Inflation, consumer prices (annual %),FP.CPI.TOTL.ZG,1.27699094497328,Unemployment, total (% of total labor force) (modeled ILO estimate),SL.UEM.TOTL.ZS,5.71000003814697,0.5131601693046699
4,Belarus,BY,BLR,112,ISO 3166-2:BY,Europe,Eastern Europe,,150.0,151.0,,Belarus,0.33738601,17628.0,,6.895280624,..,..,0.6149272784413845,..,47.04120044,..,..,62.50934712,37515947698,1.733,1246900000,87096,47722657821,-2.526446436,53365699036,5640,16950,1.60E+11,26.4775827,4.868838301,98,62.69997578,9.9,30.95840925,8.34191705,73.82682927,106.6118325,1.253515045,121.112623,3.9,92.99906636,..,-25180000.31,976600000,46.64994482,0.087721088,9469379,0,5.7,0.4,..,96.86775208,28.94264796,0.99101001,104.7959213,101.0770416,87.77776667,207600,13.78823561,15.8802,9.511258367,9,20.31890734,0.707705043,2016,Inflation, consumer prices (annual %),FP.CPI.TOTL.ZG,11.8365807653497,Unemployment, total (% of total labor force) (modeled ILO estimate),SL.UEM.TOTL.ZS,5.84000015258789,1.1682320893463658
5,Belgium,BE,BEL,56,ISO 3166-2:BE,Europe,Western Europe,,150.0,155.0,,Belgium,0.99588001,38766.0,,0.628433476,..,..,0.7337942058816626,..,..,..,..,79.42961547,..,1.68,57538351507,6893,4.76E+11,1.266686409,4.92E+11,43400,49060,5.56E+11,24.25221229,13.33051194,96,78.23541051,8.6,19.28822027,1.920850695,81.43902439,163.3278361,0.894706236,110.5368746,4.1,96.71852725,..,..,10786360682,374.2213342,0.506300002,11331422,0.1,..,..,..,..,38.3610414,1.069659948,161.0331573,103.3177719,..,30530,22.84232918,4.9266,24.57816225,4.5,..,0.550223217,2016,Inflation, consumer prices (annual %),FP.CPI.TOTL.ZG,1.97385264653172,Unemployment, total (% of total labor force) (modeled ILO estimate),SL.UEM.TOTL.ZS,7.82999992370605,1.4246985663552592
6,Bosnia and Herzegovina,BA,BIH,70,ISO 3166-2:BA,Europe,Southern Europe,,150.0,39.0,,Bosnia and Herzegovina,0.032460298,9746.0,,6.369381976,..,99.9,1.948237063394072,..,62.77386756,..,..,36.34176466,11630871770,1.286,313198153.4,21765.1,16914287593,3.149807355,17386819704,5130,13090,44325869198,22.98890815,2.734423752,68,52.96648396,..,23.24614982,1.406961876,76.998,85.57262563,0.933900815,100.5249735,6.2,104.116624,..,446109985.4,1845995097,66.13794922,-1.264728458,3386263,..,..,..,..,93.79035187,38.14102395,..,..,..,72.22226667,51210,19.9514912,10.125,1.452410142,80,18.43892214,-0.536071349,2016,Inflation, consumer prices (annual %),FP.CPI.TOTL.ZG,-1.58409999999997,Unemployment, total (% of total labor force) (modeled ILO estimate),SL.UEM.TOTL.ZS,25.4099998474121,0.9281256805240591
7,Botswana,BW,BWA,72,ISO 3166-2:BW,Africa,Sub-Saharan Africa,Southern Africa,2.0,202.0,18.0,Botswana,-0.98725402,15198.0,,1.97587615,..,99.7,1.4211378075627625,..,..,..,..,54.61135081,2126448972,2.942,142522598.3,157279,15082578065,7.036896951,13559763182,6280,15210,32863010564,22.0676908,0.4206642,97,45.85331794,..,40.3451686,11.68372362,68.178,89.56691583,3.28777595,152.2730166,49.2,92.02370547,..,90569999.69,24622501.68,3.811206395,1.831973136,2159925,..,..,21.3,..,..,34.7739423,..,..,..,42.22216667,581730,21.63005677,46.4788,29.14329184,48,1.996525884,2.983825888,2016,Inflation, consumer prices (annual %),FP.CPI.TOTL.ZG,2.81495791361944,Unemployment, total (% of total labor force) (modeled ILO estimate),SL.UEM.TOTL.ZS,21.0289993286133,0.7883899470379648
8,Brazil,BR,BRA,76,ISO 3166-2:BR,Americas,Latin America and the Caribbean,South America,19.0,419.0,5.0,Brazil,-0.103021,13873.0,,4.891353587,..,98.6,0.010518735694333129,..,..,..,..,12.46667904,5.43E+11,1.747,74294627801,5020821,1.80E+12,-3.275916906,1.84E+12,8910,13930,2.87E+12,14.96954697,15.99995867,95,12.06700304,3.3,18.35475828,8.103604357,75.23,18.08627376,1.347975413,118.3855945,16.7,109.9276522,..,674630004.9,2739786527,24.66614055,0.823752153,206163056,4.7,..,0.5,..,..,29.67010526,1.017009974,102.0632629,114.5202789,76.66666667,8515770,13.71043098,60.0994,20.73728423,82.5,51.01108298,1.140377592,2016,Inflation, consumer prices (annual %),FP.CPI.TOTL.ZG,8.73914352329393,Unemployment, total (% of total labor force) (modeled ILO estimate),SL.UEM.TOTL.ZS,11.6000003814697,0.056831480557007694
9,Bulgaria,BG,BGR,100,ISO 3166-2:BG,Europe,Eastern Europe,,150.0,151.0,,Bulgaria,0.169379,17037.0,,4.053153474,..,..,0.8186065786996364,..,..,..,..,63.87048055,39994027753,1.54,1488430000,38410,53953897624,3.039825276,52731824713,7400,19450,1.39E+11,18.95427187,8.977489758,92,58.96334363,5.4,24.44924725,3.32208191,74.81219512,102.8748662,1.246707289,125.4743844,7.7,113.1362858,..,..,1665570000,65.65790346,-0.701382098,7127822,2,..,0.1,..,92.04534149,32.22030905,0.976230025,99.67707825,91.08322144,84.44443333,111000,20.32427949,40.6392,28.28713195,23,22.76281837,-0.244263619,2016,Inflation, consumer prices (annual %),FP.CPI.TOTL.ZG,-0.798649886453611,Unemployment, total (% of total labor force) (modeled ILO estimate),SL.UEM.TOTL.ZS,7.57000017166138,0.9680721524665042
10,Cambodia,KH,KHM,116,ISO 3166-2:KH,Asia,South-eastern Asia,,142.0,35.0,,Cambodia,-0.819875,3251.0,,24.74266442,..,..,0.04453368040293563,..,..,..,..,61.28152493,10059535400,2.559,2475915854,86911.3,20016747754,6.933313973,17907562980,1140,3450,54385763728,22.70583265,1.85868091,84,65.66850405,..,29.45196275,3.475254586,68.977,112.1061237,1.90988363,126.3169742,30.3,76.62480848,..,728299987.8,1199209466,89.31730116,1.565214466,15766290,..,..,0.7,..,92.41137695,17.36610756,..,..,110.1876526,66.66666667,181040,14.82589055,49.9048,20.64927728,99,5.148399034,3.325378074,2016,Inflation, consumer prices (annual %),FP.CPI.TOTL.ZG,3.01913975139129,Unemployment, total (% of total labor force) (modeled ILO estimate),SL.UEM.TOTL.ZS,0.720000028610229,0.9670829365679572
11,Canada,CA,CAN,124,ISO 3166-2:CA,Americas,Northern America,,19.0,21.0,,Canada,0.342765,43745.0,,1.862225893,..,97.8,0.42705125414825196,..,..,..,..,31.50257241,..,1.59,34201872161,3470760.4,1.53E+12,1.001394414,1.58E+12,43890,45900,1.66E+12,22.76112016,14.09887723,89,33.86111211,7.3,23.29530055,0.75403003,81.9,52.54802114,1.164161567,84.5231216,5.3,102.2876123,..,..,1289324860,4.027563942,1.132348655,36109487,0.2,..,..,..,..,17.86507551,1.008180022,112.5142822,101.0238724,..,9879750,12.49656263,9.0084,6.477119482,1.5,..,1.182792155,2016,Inflation, consumer prices (annual %),FP.CPI.TOTL.ZG,1.4287595470108,Unemployment, total (% of total labor force) (modeled ILO estimate),SL.UEM.TOTL.ZS,7.0,0.6695914115578767
12,Chile,CL,CHL,152,ISO 3166-2:CL,Americas,Latin America and the Caribbean,South America,19.0,419.0,5.0,Chile,-0.855573,21696.0,,4.199089371,..,99.7,0.26084965104207397,76.3,126.650648,..,..,27.92315811,..,1.713,12328624278,177190.1,2.49E+11,1.753038749,2.43E+11,13340,22680,4.13E+11,23.70879029,8.536944083,93,28.13470298,..,26.77956505,4.560656037,79.779,48.17273034,1.91538872,127.972519,7.7,193.8232397,..,178440002.4,64551112.66,24.48996412,1.325206878,18209072,..,..,0.5,..,95.48255157,20.85709928,0.98852998,101.7775269,100.9782562,95.55556667,756700,17.46896441,43.602,13.59390501,7.5,..,1.396155439,2016,Inflation, consumer prices (annual %),FP.CPI.TOTL.ZG,3.78619355893115,Unemployment, total (% of total labor force) (modeled ILO estimate),SL.UEM.TOTL.ZS,6.73999977111816,0.44206603766411967
13,China,CN,CHN,156,ISO 3166-2:CN,Asia,Eastern Asia,,142.0,30.0,,China,0.89218998,12569.0,,8.057287535,..,99.9,0.005127133791856116,..,..,..,..,19.58438005,1.41E+12,1.675,1.75E+11,2124598.67,1.12E+13,6.848762205,1.14E+13,8210,13420,1.86E+13,42.63137693,30.24264146,99,17.31003496,6.5,39.5806215,1.407346027,76.21,32.80927865,1.770695719,96.52661691,9.9,92.32795521,..,-791440002.4,26883278894,147.2503025,0.573050906,1387790000,0.8,4.5,..,..,..,15.62992643,1.010139942,..,97.96192169,80,9600010.5,9.122915561,7.5834,15.93928031,28.9,6.918829239,2.775641769,2016,Inflation, consumer prices (annual %),FP.CPI.TOTL.ZG,2.00000182191941,Unemployment, total (% of total labor force) (modeled ILO estimate),SL.UEM.TOTL.ZS,4.53000020980835,0.45614879010383
14,Colombia,CO,COL,170,ISO 3166-2:CO,Americas,Latin America and the Caribbean,South America,19.0,419.0,5.0,Colombia,-0.123219,13326.0,,6.606412266,..,95.9,0.03562510536574867,80.9,..,..,..,14.71713928,1.21E+11,1.843,13857937721,599594.9,2.83E+11,2.087382502,3.11E+11,6460,13660,6.58E+11,23.16741956,10.18578507,93,21.48551371,3.9,27.68916231,5.148334305,76.732,27.10014932,3.071131026,121.8160055,15,109.0972205,..,1106500000,5191956875,43.42050293,1.367649952,48175048,4.9,..,0.5,3.7,101.7112503,24.22342128,1.019840002,95.01463318,116.2337036,88.8889,1141749,14.38521293,67.9844,9.446443648,11,33.17440821,1.797993261,2016,Inflation, consumer prices (annual %),FP.CPI.TOTL.ZG,7.51429322788323,Unemployment, total (% of total labor force) (modeled ILO estimate),SL.UEM.TOTL.ZS,8.6899995803833,0.13329937223488297
15,Costa Rica,CR,CRI,188,ISO 3166-2:CR,Americas,Latin America and the Caribbean,Central America,19.0,419.0,13.0,Costa Rica,-0.177184,14098.0,,4.914355787,..,98.8,0.33661766819013844,..,77.00304284,..,..,31.2600963,25562670955,1.789,2620435491,29694,58847016045,4.204323252,54371620102,11100,18270,89513475336,18.88894098,18.44221271,93,30.91838188,4.2,19.65001128,1.958764802,79.738,43.87138335,0,170.0362804,8.9,99.93413182,..,100720001.2,545423773.1,95.95252644,1.057366054,4899336,1.3,22.9,0.4,..,97.32090759,24.00799346,1.029410005,125.8161621,111.7611389,84.44443333,51100,13.51085434,54.7214,3.035461937,22.5,14.88486228,2.186767048,2016,Inflation, consumer prices (annual %),FP.CPI.TOTL.ZG,-0.0174788505908107,Unemployment, total (% of total labor force) (modeled ILO estimate),SL.UEM.TOTL.ZS,8.60000038146973,0.5252643555370414
16,Croatia,HR,HRV,191,ISO 3166-2:HR,Europe,Southern Europe,,150.0,39.0,,Croatia,0.417804,20376.0,,3.069921603,..,99.9,0.9687125118192083,..,..,..,..,46.99764081,..,1.43,429948322.7,19241.202,52295158344,3.532432232,52946596014,12680,24720,1.03E+11,20.73352437,14.40168916,90,45.8704124,7.3,20.63387629,-0.074922101,78.02195122,68.29695354,1.621882181,104.888678,4.8,99.14104951,..,..,3223409432,74.58989708,-0.698383457,4174349,0.6,20,0.1,..,101.0199966,39.39550029,1.032019973,98.87110901,98.20056915,81.11113333,88073,21.06404185,9.1792,23.50640991,22.5,..,-0.257731227,2016,Inflation, consumer prices (annual %),FP.CPI.TOTL.ZG,-1.12500000000001,Unemployment, total (% of total labor force) (modeled ILO estimate),SL.UEM.TOTL.ZS,13.1000003814697,0.9323379412393601
17,Czechia,CZ,CZE,203,ISO 3166-2:CZ,Europe,Eastern Europe,,150.0,151.0,,Czechia,1.39521,28823.0,,2.087047124,..,..,0.9111723956809232,..,..,..,..,79.10707663,..,1.63,10850612308,26698.5,1.96E+11,2.53728452,1.87E+11,17670,33660,3.56E+11,26.02397437,16.86814134,98,71.47919071,10,33.40932728,1.141450601,79.02682927,155.7694899,0.996128103,117.5742832,3.2,105.1235249,..,..,3126388080,136.8518586,0.192048416,10566332,0,9.1,..,..,97.06746674,31.79375397,1.007210016,104.6348114,100.2088776,..,78870,14.91277755,11.728,21.68592436,24.5,..,0.318529833,2016,Inflation, consumer prices (annual %),FP.CPI.TOTL.ZG,0.683504209385683,Unemployment, total (% of total labor force) (modeled ILO estimate),SL.UEM.TOTL.ZS,3.95000004768372,1.3135255987413614
18,Denmark,DK,DNK,208,ISO 3166-2:DK,Europe,Northern Europe,,150.0,154.0,,Denmark,0.80845797,44836.0,,0.961160974,..,94.4,1.076497823676984,..,..,..,..,53.42598052,..,1.79,7804020827,6246.6,3.13E+11,3.245956985,3.32E+11,58040,53250,3.05E+11,21.7753957,14.88262363,94,46.74284826,9.2,20.66861683,0.254595167,80.85365854,57.7546471,1.147637617,122.300966,4.1,100.6955853,..,..,1247014793,143.20025,0.780392644,5728010,0.3,..,0.1,..,103.8826904,38.68008451,1.009670019,129.1194916,101.8048325,..,42920,33.29505948,4.1856,17.75706832,3.5,..,0.912853069,2016,Inflation, consumer prices (annual %),FP.CPI.TOTL.ZG,0.249999999999997,Unemployment, total (% of total labor force) (modeled ILO estimate),SL.UEM.TOTL.ZS,5.98999977111816,1.0701935229399597
19,Dominican Republic,DO,DOM,214,ISO 3166-2:DO,Americas,Latin America and the Caribbean,Caribbean,19.0,419.0,29.0,Dominican Republic,-0.59990299,14489.0,,5.507273224,..,99.8,0.22744730296147106,..,48.63077507,..,..,23.90937952,28291425525,2.387,2516100000,21117.4,75704720190,6.659200263,71380398915,6860,15420,1.60E+11,22.97219036,4.470406532,85,27.67659173,4.9,27.57808736,1.993678465,73.471,35.98058342,0.634030553,83.75022036,35,111.6583151,..,176699996.9,5508400000,215.2295177,1.122509799,10397738,2,..,1,..,99.15802765,14.90293598,0.990230024,79.88292694,110.2987518,83.33333333,48670,12.91086855,94.9256,11.20193934,18.5,18.60135196,2.223768186,2016,Inflation, consumer prices (annual %),FP.CPI.TOTL.ZG,1.61416607245221,Unemployment, total (% of total labor force) (modeled ILO estimate),SL.UEM.TOTL.ZS,7.28000020980835,-0.02930514330197145
20,Ecuador,EC,ECU,218,ISO 3166-2:EC,Americas,Latin America and the Caribbean,South America,19.0,419.0,5.0,Ecuador,-1.3774,10527.0,,9.519016728,..,94.05909551,0.14638349078376503,..,35.59873393,..,..,19.50479127,35378111194,2.475,764134868.1,127549.1,99937696000,-1.226383985,95704772390,5800,10820,1.78E+11,24.97903494,9.192153722,86,19.01654907,4.7,32.02300962,1.901646775,76.365,33.1426492,2.5147668,84.18035505,14.8,112.604719,..,243229995.7,2612078852,66.40004832,1.706874588,16491116,3.6,22.9,0.3,..,103.5557404,..,1.02094996,103.7501297,104.9349594,71.11113333,256370,..,79.9576,14.39643275,48.5,26.58037475,1.921163231,2016,Inflation, consumer prices (annual %),FP.CPI.TOTL.ZG,1.72826463324535,Unemployment, total (% of total labor force) (modeled ILO estimate),SL.UEM.TOTL.ZS,4.59999990463257,-0.057826803119174985
21,El Salvador,SV,SLV,222,ISO 3166-2:SV,Americas,Latin America and the Caribbean,Central America,19.0,419.0,13.0,El Salvador,-0.263641,8280.0,,5.732153907,..,99.9,0.17747315153842658,..,88.43480116,..,..,28.4585905,16566778004,2.079,479469380.7,6018.8,24191430000,2.545926086,22296891668,3510,7620,48462157551,15.96751412,5.373189208,90,44.36050287,5.9,24.83482787,0.651008914,72.644,63.02231823,1.023502951,151.6211797,14.9,98.47193091,..,128970001.2,4561580071,306.7633687,0.489163801,6356137,2.6,..,0.5,..,..,23.6888664,..,..,..,92.22223333,21040,17.35477562,70.2702,2.152227176,16.5,20.0648539,1.631825814,2016,Inflation, consumer prices (annual %),FP.CPI.TOTL.ZG,0.604049086996682,Unemployment, total (% of total labor force) (modeled ILO estimate),SL.UEM.TOTL.ZS,4.42000007629395,0.5081081264066433
22,Estonia,EE,EST,233,ISO 3166-2:EE,Europe,Northern Europe,,150.0,154.0,,Estonia,0.649198,24857.0,,2.113609997,..,99.7,9.235816482873407,..,..,..,..,77.00753774,..,1.6,925762256.7,24212.5,24072829277,3.155564814,24062824109,18290,30620,40284437405,25.11871256,21.88827273,93,73.40115901,7.8,24.04753836,2.187309907,77.64146341,116.8537345,2.051844371,144.1630523,2.8,95.78007099,..,..,486482638.4,30.2689211,0.029112226,1315790,0.5,21,..,..,96.44262695,35.55697996,1.00454998,115.014122,97.11779785,77.7778,45340,21.77469007,9.3846,19.48683327,3.5,..,0.243716597,2016,Inflation, consumer prices (annual %),FP.CPI.TOTL.ZG,0.148684907627356,Unemployment, total (% of total labor force) (modeled ILO estimate),SL.UEM.TOTL.ZS,6.76000022888184,1.470133630766734
23,Ethiopia,ET,ETH,231,ISO 3166-2:ET,Africa,Sub-Saharan Africa,Eastern Africa,2.0,202.0,14.0,Ethiopia,-1.3311,1635.0,,34.6988796,..,27.7,0.00139467584968035,35.9,..,..,..,7.812080503,23396100284,4.456,4142937496,173605,74296618481,9.433482658,68942747989,670,1870,1.94E+11,37.3487737,6.825015185,57,27.0869723,..,21.9325682,10.39792554,65.482,25.86658773,0.695462177,49.44236323,59,145.9307234,..,4082870117,772235946.6,91.80158598,2.708072653,103603461,..,..,1.1,23.5,61.57915115,9.358219992,..,..,..,70.00003333,1136242.676,8.087065533,68.9772,18.47495203,35,20.93499044,4.937514135,2016,Inflation, consumer prices (annual %),FP.CPI.TOTL.ZG,6.62813337230928,Unemployment, total (% of total labor force) (modeled ILO estimate),SL.UEM.TOTL.ZS,2.28800010681152,-0.0034935688866870943
24,France,FR,FRA,250,ISO 3166-2:FR,Europe,Western Europe,,150.0,155.0,,France,1.15695,37124.0,,1.437114867,..,97.4,0.0705104527143594,..,..,..,..,30.24753718,..,1.92,32803666729,169194,2.47E+12,1.095464404,2.61E+12,39100,43830,2.92E+12,22.60939274,27.90946213,90,30.8526052,8,17.43413205,0.522559343,82.57317073,43.22084151,1.917282368,104.4897355,4.2,90.9169655,..,..,24042348847,121.857823,0.263868789,66724104,0.1,..,0.3,..,..,44.09620035,1.002500057,103.3080978,102.2604294,..,549087,23.0648275,5.1112,26.08071835,3.5,..,0.592247249,2016,Inflation, consumer prices (annual %),FP.CPI.TOTL.ZG,0.183334861123848,Unemployment, total (% of total labor force) (modeled ILO estimate),SL.UEM.TOTL.ZS,10.0500001907349,0.7122612598078533
25,Georgia,GE,GEO,268,ISO 3166-2:GE,Asia,Western Asia,,142.0,145.0,,Georgia,-0.84373701,10899.0,,7.296573278,..,99.9,0.694529707673095,..,62.13859639,..,..,40.79975444,16320114022,2.059,1659819993,28224,15141758567,2.90643878,15220340446,4080,12260,45709833895,30.15208171,3.448442137,93,56.02606318,6.7,19.25549727,2.619318296,73.207,62.46962635,2.081640315,137.7647586,10.2,142.4911501,..,462730011,1520785231,65.21405578,0.059816599,3727505,4.9,22,0.2,..,115.4339523,28.38709677,1.010259986,100.9073486,100.3439484,88.8889,69700,23.50346021,47.456,6.441048205,2,36.75313217,0.734644622,2016,Inflation, consumer prices (annual %),FP.CPI.TOTL.ZG,2.13492713939124,Unemployment, total (% of total labor force) (modeled ILO estimate),SL.UEM.TOTL.ZS,16.6000003814697,0.8559318219018026
26,Germany,DE,DEU,276,ISO 3166-2:DE,Europe,Western Europe,,150.0,155.0,,Germany,1.89589,44689.0,,0.69843113,..,96.2,0.11017793968230379,..,..,..,..,46.07326285,..,1.6,64707795193,114190,3.47E+12,2.229999868,3.65E+12,44280,51830,4.27E+12,19.96742952,18.07932562,97,38.69638311,7.9,27.56850648,1.327752223,80.9902439,68.86979594,1.149654485,125.8854564,3.9,102.0220819,..,..,15197536776,235.7129294,0.807218539,82348669,0,..,0.1,0.5,97.93720245,28.40519469,0.963729978,98.81199646,102.6775589,..,357580,11.29612025,8.0886,38.72689503,8,..,0.838301068,2016,Inflation, consumer prices (annual %),FP.CPI.TOTL.ZG,0.49174862477081,Unemployment, total (% of total labor force) (modeled ILO estimate),SL.UEM.TOTL.ZS,4.11999988555908,0.8877757506065681
27,Ghana,GH,GHA,288,ISO 3166-2:GH,Africa,Sub-Saharan Africa,Western Africa,2.0,202.0,11.0,Ghana,-1.19204,3878.0,,20.84429315,..,..,0.01980963713611292,28.2,..,..,..,31.19323949,21058602292,3.984,3485333369,79222.4,56165172899,3.37346575,51692042794,1810,4800,1.37E+11,25.71257535,2.297897913,89,36.6837607,4.7,27.69325495,15.74861961,63.124,42.83437361,0.38237993,134.4889824,52.2,175.8518012,..,1318650024,2979934204,125.1733629,2.24660996,28481947,25.3,23.4,1.8,..,..,14.15894359,0.996119976,68.90293884,106.7279663,68.8889,238540,11.05832931,67.644,7.794238609,14,9.524846855,3.464981617,2016,Inflation, consumer prices (annual %),FP.CPI.TOTL.ZG,17.4546347070868,Unemployment, total (% of total labor force) (modeled ILO estimate),SL.UEM.TOTL.ZS,5.52699995040894,0.42926429578790176
28,Greece,GR,GRC,300,ISO 3166-2:GR,Europe,Southern Europe,,150.0,39.0,,Greece,-0.19881999,22574.0,,3.515340248,..,99.94,0.5756898517080271,..,..,..,..,31.28745626,..,1.38,2698544612,39018,1.93E+11,-0.487173294,2.01E+11,18640,27380,2.95E+11,12.83689778,13.70956864,97,32.73174172,6.3,14.53201854,-0.578580752,81.38780488,38.80958804,2.575917794,118.122548,4.4,88.61589798,..,..,417164366.4,83.5994647,-0.415913028,10775971,1,20.2,0.2,..,97.33734131,48.061776,0.965359986,102.9568481,99.27773285,..,131960,26.66965802,7.4862,8.563345285,13,..,0.020056563,2016,Inflation, consumer prices (annual %),FP.CPI.TOTL.ZG,-0.825653978391008,Unemployment, total (% of total labor force) (modeled ILO estimate),SL.UEM.TOTL.ZS,23.5400009155273,0.7655482174418222
29,Hungary,HU,HUN,348,ISO 3166-2:HU,Europe,Eastern Europe,,150.0,151.0,,Hungary,1.02935,23279.0,,3.889339573,..,99.7,0.45942976901521426,..,..,..,..,86.3870823,..,1.53,69681210262,20587.3,1.29E+11,2.191960369,1.29E+11,13100,27190,2.67E+11,21.54415911,17.55908461,99,77.98325104,8,25.48728165,1.320878951,76.06341463,152.2115389,1.003106301,102.0406696,4.7,101.9038294,..,..,4171221937,107.5391519,-0.295110605,9814023,1.3,13.4,..,..,98.59475708,40.60270568,0.993550003,102.7139511,101.8788071,85.55556667,93030,23.06274308,23.2462,22.60192715,7,..,0.099844437,2016,Inflation, consumer prices (annual %),FP.CPI.TOTL.ZG,0.394769306686402,Unemployment, total (% of total labor force) (modeled ILO estimate),SL.UEM.TOTL.ZS,5.1100001335144,1.3265201214189748
30,India,IN,IND,356,ISO 3166-2:IN,Asia,Southern Asia,,142.0,34.0,,India,0.049071901,6125.0,,16.36380056,..,81.4,0.001251321043950164,53.5,..,..,..,19.15823491,4.56E+11,2.266,44458571546,710944,2.29E+12,8.256305502,2.23E+12,1680,5720,7.58E+12,30.17269167,7.660357307,88,20.9242508,8.3,26.61899994,3.237974951,68.897,27.28741289,2.543151188,85.14868348,41,107.0105809,..,2678669922,62744364090,445.4869181,1.090459321,1324517250,18.1,..,0.2,..,96.23069763,12.85101699,1.095190048,75.09179688,114.5383224,81.11113333,3287260,11.14773842,16.152,3.479305985,28.5,17.26337804,2.318510266,2016,Inflation, consumer prices (annual %),FP.CPI.TOTL.ZG,4.94821634062142,Unemployment, total (% of total labor force) (modeled ILO estimate),SL.UEM.TOTL.ZS,5.4229998588562,0.42434186034095867
31,Indonesia,ID,IDN,360,ISO 3166-2:ID,Asia,South-eastern Asia,,142.0,35.0,,Indonesia,-0.36510801,10911.0,,13.47874855,..,92.6,0.0070530290283182,59.4,47.95567377,956,..,19.08899385,3.19E+11,2.362,4541713739,952718,9.32E+11,5.033069183,8.90E+11,3400,10160,2.66E+12,33.8587393,7.998417967,88,18.33234795,6.8,39.30844398,2.438924087,71.035,30.06221749,0.792220213,147.4150225,26.6,115.0697358,..,-108279998.8,8906655811,139.3095814,1.220591058,261556386,7.5,10.9,0.4,..,..,12.47382327,0.995899975,84.95211792,105.6098785,86.66666667,1913580,10.3363487,47.9942,5.063359019,26.3,37.47857528,2.480602572,2016,Inflation, consumer prices (annual %),FP.CPI.TOTL.ZG,3.5258051568793,Unemployment, total (% of total labor force) (modeled ILO estimate),SL.UEM.TOTL.ZS,4.30000019073486,0.30934155579065714
32,Ireland,IE,IRL,372,ISO 3166-2:IE,Europe,Northern Europe,,150.0,154.0,,Ireland,1.3129801,56597.0,,0.947349104,..,99.7,1.7166955970504707,..,..,..,..,121.5425106,..,1.81,1.03E+11,7623.5,2.99E+11,2.042232527,2.46E+11,51810,58240,2.77E+11,37.57261738,32.84158507,92,105.859441,7.9,37.17726061,0.705182878,81.65365854,70.93644346,0.334441788,103.8191107,3.6,97.76549383,..,..,575484813.7,69.0279431,1.128834064,4755335,0.1,..,0.2,..,99.69187927,26.20312804,1.006909966,117.028717,101.3414917,..,70280,19.05498254,8.1676,4.042933717,11,..,1.446547047,2016,Inflation, consumer prices (annual %),FP.CPI.TOTL.ZG,0.0083063377356992,Unemployment, total (% of total labor force) (modeled ILO estimate),SL.UEM.TOTL.ZS,8.36999988555908,2.12124598635229
33,Israel,IL,ISR,376,ISO 3166-2:IL,Asia,Western Asia,,142.0,145.0,,Israel,1.3738199,31701.0,,1.241128981,..,..,0.8897212278258836,..,..,..,..,30.18548588,..,3.11,11988000000,1400,3.19E+11,4.462753818,3.12E+11,36540,37500,3.20E+11,20.97334216,21.81340393,97,28.3597228,5.1,19.00377608,0.560467633,82.40731707,39.615463,5.485117167,130.3492361,3.8,113.8953741,..,..,963400000,394.9168207,1.960348962,8546000,0.2,..,..,..,103.5787506,32.11698849,1.012959957,105.233078,104.7480469,..,22070,23.27934548,9.9942,8.581730277,11,..,2.043855169,2016,Inflation, consumer prices (annual %),FP.CPI.TOTL.ZG,-0.546034946236581,Unemployment, total (% of total labor force) (modeled ILO estimate),SL.UEM.TOTL.ZS,4.80000019073486,0.7113286666019301
34,Italy,IT,ITA,380,ISO 3166-2:IT,Europe,Southern Europe,,150.0,39.0,,Italy,0.94901502,33419.0,,1.928373307,..,99.9,0.0906876471300201,..,..,..,..,29.32789075,..,1.34,25656663795,93508.9,1.88E+12,1.293462732,1.94E+12,31970,40040,2.43E+12,17.56102831,8.289540587,87,26.03971207,6.1,21.21794438,1.13435002,83.24390244,46.27020938,1.334835252,141.6939815,3.4,105.421041,..,..,9512833704,205.0179495,-0.169884073,60627498,1.6,20.3,0.3,..,97.74971008,39.95183829,1.002699971,101.6623535,99.42546082,..,302069,25.07030955,5.3708,13.34644424,11,..,0.246127222,2016,Inflation, consumer prices (annual %),FP.CPI.TOTL.ZG,-0.0940166569157271,Unemployment, total (% of total labor force) (modeled ILO estimate),SL.UEM.TOTL.ZS,11.6899995803833,0.7243840134706013
35,Jamaica,JM,JAM,388,ISO 3166-2:JM,Americas,Latin America and the Caribbean,Caribbean,19.0,419.0,29.0,Jamaica,-0.65715498,7084.0,,6.598783856,..,99.7,0.8962565443621007,..,..,..,..,31.81343755,14127210395,2.009,927976719,5813.4,14077109397,1.375223064,13356438627,4600,8800,25587964278,21.28813794,4.127507048,95,44.64172141,..,19.11207194,4.664171191,74.175,42.40217101,0.954824792,112.4252814,15.1,86.45005719,..,26850000.38,2433422796,268.3510619,0.525007304,2906242,..,..,1.3,4.4,79.69506836,28.38652441,..,..,..,77.77776667,10990,26.02666947,54.3564,1.405566509,10,40.51555513,1.007127259,2016,Inflation, consumer prices (annual %),FP.CPI.TOTL.ZG,2.35102197485846,Unemployment, total (% of total labor force) (modeled ILO estimate),SL.UEM.TOTL.ZS,13.1899995803833,0.5806879870751999
36,Japan,JP,JPN,392,ISO 3166-2:JP,Asia,Eastern Asia,,142.0,30.0,,Japan,2.4686999,37465.0,,1.124981308,..,99.8,0.07231654923825113,..,344.4366331,..,..,16.05796924,..,1.44,40954181469,249400,5.00E+12,0.753826746,4.89E+12,38460,42010,5.34E+12,24.83559732,17.59211142,96,15.25227761,..,28.62994765,0.419944376,83.98487805,25.03718451,0.944838286,130.5952482,2.7,72.32854864,..,..,3830448522,348.6310014,-0.051137415,127076000,..,..,..,..,..,..,..,..,..,..,377970,..,3.9198,2.091836213,11.1,..,0.031996198,2016,Inflation, consumer prices (annual %),FP.CPI.TOTL.ZG,-0.127258844489691,Unemployment, total (% of total labor force) (modeled ILO estimate),SL.UEM.TOTL.ZS,3.09999990463257,0.5291683715404492
37,Jordan,JO,JOR,400,ISO 3166-2:JO,Asia,Western Asia,,142.0,145.0,,Jordan,-0.0100069,11529.0,,4.50647158,..,..,0.27189755173751345,..,..,..,..,34.39521007,27110465348,2.954,1552957746,975,39892551127,1.994180849,38174554192,4000,9370,89558829867,20.0397467,3.377826725,96,54.32550783,..,24.66943659,1.362006642,74.184,67.36345318,4.514193317,102.7648325,17,71.87079476,..,2727469971,4374647887,107.617549,3.057622556,9554286,..,..,..,..,72.06588745,22.00876832,..,..,78.56041718,71.11113333,89320,15.02063044,26.3184,1.765357777,12.5,17.15033908,3.334230051,2016,Inflation, consumer prices (annual %),FP.CPI.TOTL.ZG,-0.778430463054117,Unemployment, total (% of total labor force) (modeled ILO estimate),SL.UEM.TOTL.ZS,15.2799997329712,0.8574009249558684
38,Kazakhstan,KZ,KAZ,398,ISO 3166-2:KZ,Asia,Central Asia,,142.0,143.0,,Kazakhstan,-0.70319301,23842.0,,4.556004271,..,99.9,0.6384455662298448,..,43.29690725,..,..,31.84388864,1.63E+11,2.77,17223789548,33377.1,1.37E+11,1.1,1.56E+11,8770,21490,3.82E+11,27.82758289,32.09853396,99,28.46770794,9.8,31.97979036,13.63843362,72.41,44.93061975,0.933551765,143.2053265,11,130.4040589,..,62459999.08,384165377.8,6.591123088,1.42204614,17794055,0.1,..,0.2,..,110.2985764,13.747856,1.01620996,113.2500229,109.8852081,92.22223333,2724902,9.924250197,30.062,3.189425079,9,46.16885124,1.54961238,2016,Inflation, consumer prices (annual %),FP.CPI.TOTL.ZG,14.5460237946149,Unemployment, total (% of total labor force) (modeled ILO estimate),SL.UEM.TOTL.ZS,4.96000003814697,0.6027730935382933
39,Kyrgyzstan,KG,KGZ,417,ISO 3166-2:KG,Asia,Central Asia,,142.0,143.0,,Kyrgyzstan,-0.570333,4879.0,,12.83447316,..,..,0.26244360819146306,..,..,..,..,35.82540888,7972109924,3.1,619220700,12562.4,6813092066,4.335855917,6741189077,1110,4440,26964623070,33.93917929,19.63131806,97,69.99816514,10,26.546424,6.050564275,70.95121951,81.79839559,1.697389571,125.3393872,21.2,126.0726986,..,320679992.7,1994607958,31.69708029,2.037224422,6079500,1.1,25.4,0.2,..,101.7858734,28.13084677,0.994889975,93.8347168,104.6014709,85.55556667,199950,16.94917318,35.014,6.514400596,10,27.84578973,2.502902051,2016,Inflation, consumer prices (annual %),FP.CPI.TOTL.ZG,0.388838296895887,Unemployment, total (% of total labor force) (modeled ILO estimate),SL.UEM.TOTL.ZS,7.21000003814697,1.0445692272069613
40,Lao People's Democratic Republic,LA,LAO,418,ISO 3166-2:LA,Asia,South-eastern Asia,,142.0,35.0,,Laos,-1.20526,5859.0,,17.23017659,..,..,0.3350002589890982,..,..,..,..,33.20942746,13535138629,2.751,935296172.8,167335,15912495369,7.022836255,14563895292,2130,6550,44835845958,29.0076541,33.57410065,81,41.88246346,..,28.75950464,3.022306443,66.924,60.43678114,..,57.82353269,51.5,96.81849635,..,399459991.5,189361894,29.66138648,1.541032017,6845848,..,..,0.3,..,99.73226929,..,0.938600004,66.30924225,109.6517563,64.44446667,236800,..,65.8612,16.68222527,174,10.6880902,3.420088307,2016,Inflation, consumer prices (annual %),FP.CPI.TOTL.ZG,1.59691227583204,Unemployment, total (% of total labor force) (modeled ILO estimate),SL.UEM.TOTL.ZS,0.791999995708466,0.3121231641159077
41,Latvia,LV,LVA,428,ISO 3166-2:LV,Europe,Northern Europe,,150.0,154.0,,Latvia,0.197157,22092.0,,3.259542151,..,99.9,1.8620833252957203,..,..,..,..,59.57732438,..,1.74,335420977.5,33953.1,28083597512,2.367609543,28996619688,14800,26680,52287368302,21.18057773,17.24045417,93,59.25753421,6.9,18.51958928,0.864382928,74.5804878,95.17299195,1.450693304,134.240928,4.7,106.8349758,..,..,1234945490,31.49014094,-0.913885332,1959537,0.6,22.1,0.5,..,98.06009674,41.043767,0.993120015,111.2968063,99.19854736,90,64594,23.50389781,15.9946,17.50989222,5.5,..,-0.853577171,2016,Inflation, consumer prices (annual %),FP.CPI.TOTL.ZG,0.140633334505292,Unemployment, total (% of total labor force) (modeled ILO estimate),SL.UEM.TOTL.ZS,9.64000034332275,1.1555423648068364
42,Lithuania,LT,LTU,440,ISO 3166-2:LT,Europe,Northern Europe,,150.0,154.0,,Lithuania,0.46270901,24743.0,,3.108761353,..,100,1.3614125961263233,..,..,..,..,67.58738306,..,1.69,1177533776,21900,43047309306,2.518828273,42716149556,14890,29820,85539531065,19.20825021,12.63938578,94,66.86647538,6,25.94471536,1.576252772,74.67073171,121.6940172,1.477505872,145.513378,4.8,99.29987929,..,..,1279932372,45.78766642,-1.270694533,2868231,1.3,22.9,0.2,..,101.8899765,31.72668239,0.968819976,107.4297714,102.8917999,83.33333333,65286,16.93159775,11.3688,17.3391959,5.5,..,-1.068634221,2016,Inflation, consumer prices (annual %),FP.CPI.TOTL.ZG,0.905525075460439,Unemployment, total (% of total labor force) (modeled ILO estimate),SL.UEM.TOTL.ZS,7.8600001335144,1.315536743518345
43,Madagascar,MG,MDG,450,ISO 3166-2:MG,Africa,Sub-Saharan Africa,Eastern Africa,2.0,202.0,14.0,Madagascar,-1.56216,1381.0,,25.13345436,..,..,0.005131269801163877,..,..,..,..,29.09256944,2975696861,4.184,540842779.8,124826.8,11848613735,3.993146064,11649898118,470,1550,38589859315,16.36599339,0.768859293,62,31.74212905,..,18.01589541,8.960080727,65.931,44.05578675,0.594003322,32.12876245,57.2,86.16275082,..,611690002.4,299204626.1,42.78853558,2.688176654,24894370,..,..,0.2,..,67.57843018,10.05017816,0.996739984,38.31158829,143.8241882,62.22223333,587295,9.244851874,111.6784,1.972848754,12,3.594225074,4.554542354,2016,Inflation, consumer prices (annual %),FP.CPI.TOTL.ZG,6.03575858154682,Unemployment, total (% of total labor force) (modeled ILO estimate),SL.UEM.TOTL.ZS,1.80499994754791,-0.20055768743171695
44,Malaysia,MY,MYS,458,ISO 3166-2:MY,Asia,South-eastern Asia,,142.0,35.0,,Malaysia,1.03133,23053.0,,8.462526618,..,99.5,0.25060861443043253,..,..,..,..,66.77544545,..,2.037,13470089921,193146.4,3.01E+11,4.449781398,3.12E+11,10150,24840,7.62E+11,25.995512,49.05091706,93,60.12356457,..,37.6832735,1.658259966,75.649,118.9777921,1.384335563,141.6489819,8.1,104.8840891,..,-51819999.69,1603918551,93.39416223,1.357359246,30684652,..,..,0.3,13.7,100.0088196,16.99779083,1.038820028,84.70847321,104.9991837,77.77776667,330713,13.55072517,13.361,8.913485757,23.5,..,2.198678755,2016,Inflation, consumer prices (annual %),FP.CPI.TOTL.ZG,2.09056659525745,Unemployment, total (% of total labor force) (modeled ILO estimate),SL.UEM.TOTL.ZS,3.44000005722046,1.202124617246642
45,Mali,ML,MLI,466,ISO 3166-2:ML,Africa,Sub-Saharan Africa,Western Africa,2.0,202.0,11.0,Mali,-1.06046,1594.0,,37.403703,..,..,0.014469075583308582,..,..,..,..,23.44291297,3781657118,6.057,356476591.9,132960,14026048334,5.852299199,13954289058,780,2130,38276068961,23.9626488,6.499346884,70,40.32038345,..,17.88024781,1.351122314,57.987,49.03020321,2.587226876,112.5365904,104.5,166.2290382,..,1205160034,827242532.9,14.72348405,2.975435448,17965448,..,46.8,1,20.2,51.04618073,16.04804669,0.838020027,42.99298096,77.17025757,65.55556667,1240190,15.39597072,171.0826,8.231583419,8.5,3.51625992,4.936534482,2016,Inflation, consumer prices (annual %),FP.CPI.TOTL.ZG,-1.79964707083376,Unemployment, total (% of total labor force) (modeled ILO estimate),SL.UEM.TOTL.ZS,7.57000017166138,-0.3479004398591778
46,Mauritania,MR,MRT,478,ISO 3166-2:MR,Africa,Sub-Saharan Africa,Western Africa,2.0,202.0,11.0,Mauritania,-2.26649,3407.0,,21.739169,..,..,0.18805885387694873,..,..,..,..,33.92514055,5080228848,4.679,271134845,3346,6398747532,1.260909224,6300893339,1510,4610,19213092379,31.27764187,0.002046525,73,39.22812112,..,25.21984874,11.21012975,64.208,59.33973768,2.090786149,86.80541261,80.1,138.8555031,..,307290008.5,0,4.039518774,2.855988065,4163532,..,..,0.4,..,..,..,1.03876996,32.67718887,96.83441925,58.88893333,1030700,..,72.6426,1.080748081,8,15.02340898,4.55032441,2016,Inflation, consumer prices (annual %),FP.CPI.TOTL.ZG,1.48600676958638,Unemployment, total (% of total labor force) (modeled ILO estimate),SL.UEM.TOTL.ZS,10.2609996795654,0.3031212504764235
47,Mauritius,MU,MUS,480,ISO 3166-2:MU,Africa,Sub-Saharan Africa,Eastern Africa,2.0,202.0,14.0,Mauritius,-0.429113,18918.0,,3.187929111,..,99.7,2.5307510734301406,..,..,..,..,44.25034214,10464134314,1.4,378764432.3,382.9,12232463656,3.837932629,13446066142,10640,22390,28287860058,17.90093499,0.108502819,92,53.73523628,..,18.57509229,2.147570121,74.39487805,57.33922616,0.179867285,143.755473,14.5,126.9573105,..,42340000.15,194066629.1,622.4004926,0.068723138,1263473,..,..,1.5,..,101.0686569,22.8490603,1.034229994,97.54029846,102.4534073,91.11113333,2040,18.12841351,26.2642,0.011543284,6.5,12.82463857,-0.150982818,2016,Inflation, consumer prices (annual %),FP.CPI.TOTL.ZG,0.977675134719017,Unemployment, total (% of total labor force) (modeled ILO estimate),SL.UEM.TOTL.ZS,6.80999994277954,1.013709534940459
48,Mexico,MX,MEX,484,ISO 3166-2:MX,Americas,Latin America and the Caribbean,Central America,19.0,419.0,13.0,Mexico,0.57228202,16133.0,,3.34646442,..,98,0.03111604692189614,..,54.71016445,..,..,37.04217108,4.24E+11,2.186,38870479804,662031.5,1.08E+12,2.630532425,1.16E+12,9390,18810,2.32E+12,23.62131194,20.63766387,96,39.02003805,4.7,29.63995531,5.605277513,74.917,71.53237711,0.495064414,90.59237542,15.7,87.87419067,..,809340026.9,28690957406,63.444728,1.203259506,123333379,3.2,..,0.4,4.2,103.9693909,19.79199352,1.036380053,102.4040604,106.2777328,98.8889,1964375,13.53436035,61.486,6.75214757,8.4,19.29604867,1.570874888,2016,Inflation, consumer prices (annual %),FP.CPI.TOTL.ZG,2.82170784747653,Unemployment, total (% of total labor force) (modeled ILO estimate),SL.UEM.TOTL.ZS,3.85999989509583,0.38394917057943784
49,"Moldova, Republic of",MD,MDA,498,ISO 3166-2:MD,Europe,Eastern Europe,,150.0,151.0,,Moldova,-0.73416901,6068.0,,11.39868112,..,99.7,1.0366579076215934,..,26.71084088,..,..,32.30911571,6222242082,1.259,87440000,3865,8071469355,4.408886709,8914786691,3180,11200,31375151990,21.98210383,3.483887609,88,55.32804453,10,22.24144325,5.674084698,71.617,75.14121324,0.340329873,93.17465849,15.5,74.42871657,..,260779998.8,1467220000,97.57878608,-1.148202158,2802170,0.1,..,0.7,..,106.4890213,25.42593101,0.998650014,106.0199127,104.3766327,95.55556667,33850,16.2457923,23.0854,4.151478928,6,12.75798829,-1.098848853,2016,Inflation, consumer prices (annual %),FP.CPI.TOTL.ZG,6.3593089803793,Unemployment, total (% of total labor force) (modeled ILO estimate),SL.UEM.TOTL.ZS,4.01999998092651,0.8475950769737239
50,Mongolia,MN,MNG,496,ISO 3166-2:MN,Asia,Eastern Asia,,142.0,30.0,,Mongolia,-1.7649699,12360.0,,12.62784369,..,..,1.9451203749691626,..,..,..,..,50.87219405,24612081479,2.923,-4156404704,141772.2,11181350461,1.489784485,10678416153,3490,9850,30113720788,22.62940994,16.48462087,98,50.18304317,8,33.17807153,2.993126764,69.321,73.9982172,0.863495191,110.1823278,18.5,152.525823,..,325450012.2,259876359.2,1.962656864,1.913419217,3056358,0.7,29.6,0.1,0.8,92.99311829,21.14569212,..,..,102.9698029,82.2222,1564120,11.35099345,30.1106,17.40323331,12,25.88944483,2.011568755,2016,Inflation, consumer prices (annual %),FP.CPI.TOTL.ZG,0.742300726059404,Unemployment, total (% of total labor force) (modeled ILO estimate),SL.UEM.TOTL.ZS,7.23999977111816,0.8670284204618567
51,Morocco,MA,MAR,504,ISO 3166-2:MA,Africa,Northern Africa,,2.0,15.0,,Morocco,-1.09205,8039.0,,11.99669571,..,..,0.04888742483760162,..,132.4805376,..,..,35.35153455,47614177158,2.489,2153363905,56997.9,1.03E+11,1.05985639,1.03E+11,2880,6980,2.49E+11,32.39129555,3.744984846,99,45.50906064,..,25.89227115,1.483157005,75.974,61.99881665,3.219526441,118.1848162,22.3,118.3414079,..,2062310059,6383473884,78.70552095,1.325902165,35126274,..,..,0.1,..,95.04203796,25.19395682,..,..,110.3957825,84.44446667,446550,21.45588701,31.5508,18.54636606,10,11.06497743,2.227940551,2016,Inflation, consumer prices (annual %),FP.CPI.TOTL.ZG,1.63531114327061,Unemployment, total (% of total labor force) (modeled ILO estimate),SL.UEM.TOTL.ZS,9.30000019073486,0.7524983864691709
52,Namibia,,NAM,516,ISO 3166-2:NA,Africa,Sub-Saharan Africa,Southern Africa,2.0,202.0,18.0,Namibia,-0.57206303,9376.0,,6.720117635,..,..,0.7427561466198255,..,80.98563818,..,..,35.00946742,..,3.496,358727049.6,69229.4,10721994677,0.03379445,11165434201,4740,10220,24104306020,22.02994359,2.225346245,75,58.95672054,..,27.51340327,7.968672012,62.625,100.3264814,3.772549964,112.803281,46.3,127.6693319,..,170190002.4,66479264.7,2.864171799,1.846553978,2358044,..,..,12.9,..,97.18126678,32.24228241,..,..,..,58.88893333,824290,30.09630597,66.698,23.24713187,66,..,4.083522106,2016,Inflation, consumer prices (annual %),FP.CPI.TOTL.ZG,6.72858234593346,Unemployment, total (% of total labor force) (modeled ILO estimate),SL.UEM.TOTL.ZS,23.3500003814697,0.611073289348128
53,New Zealand,NZ,NZL,554,ISO 3166-2:NZ,Oceania,Australia and New Zealand,,9.0,53.0,,New Zealand,-0.126994,34295.0,,5.551643928,..,96.5,1.4035173971701915,..,164.981034,..,..,26.63019637,..,1.87,2008111275,98467.5,1.89E+11,3.767447717,1.86E+11,39440,38650,1.82E+11,23.1097316,10.87674974,92,25.85974911,..,20.09577139,2.381945856,81.61243902,36.98136674,1.131044127,130.9219373,5.4,135.27277,..,..,528072446.6,17.90323193,2.2460321,4714100,..,..,0.1,..,..,32.38575078,1.037799954,114.3596878,98.82144928,..,267710,27.28581382,20.0018,30.47868878,0.5,..,2.314333999,2016,Inflation, consumer prices (annual %),FP.CPI.TOTL.ZG,0.646240284454502,Unemployment, total (% of total labor force) (modeled ILO estimate),SL.UEM.TOTL.ZS,5.15000009536743,0.5949934425078502
54,North Macedonia,MK,MKD,807,ISO 3166-2:MK,Europe,Southern Europe,,150.0,39.0,,North Macedonia,-0.423583,12644.0,,9.172908313,..,99.9,1.699565802971305,..,56.66315275,..,..,50.66384216,7512963880,1.5,549371101.6,10016.7,10672471861,2.848205194,10364779641,5000,14540,30125341763,32.50968821,2.081805108,82,65.52156625,5.6,23.96304609,3.465252857,75.4,108.2036116,0.970115978,98.54624045,10.9,96.76054277,..,167979995.7,290838022,82.17644726,0.109300286,2072490,4.2,22.2,..,..,..,26.42665814,..,..,..,81.1111,25710,16.95115782,16.1822,9.652911791,15,15.53471923,0.378927348,2016,Inflation, consumer prices (annual %),FP.CPI.TOTL.ZG,-0.239290787684491,Unemployment, total (% of total labor force) (modeled ILO estimate),SL.UEM.TOTL.ZS,23.7199993133545,1.087013514121404
55,Norway,NO,NOR,578,ISO 3166-2:NO,Europe,Northern Europe,,150.0,154.0,,Norway,0.82222801,82814.0,,2.092314505,..,99.1,1.4145887129266317,..,151.2475518,..,..,35.45992638,..,1.71,-18668572814,121488,3.69E+11,1.071558977,4.26E+11,81370,61520,3.22E+11,28.10498401,20.9549748,96,33.48038893,8.6,27.9415638,-1.474253826,82.40731707,43.52174267,1.626681488,109.1149238,2.6,109.6551724,..,..,593573549,14.33542438,0.880969815,5234519,0.3,12.3,0.1,..,100.8554306,45.44301951,0.98536998,116.2279892,100.2258835,..,625194,22.08716304,5.3206,4.96242626,4,..,1.36567886,2016,Inflation, consumer prices (annual %),FP.CPI.TOTL.ZG,3.55000000000002,Unemployment, total (% of total labor force) (modeled ILO estimate),SL.UEM.TOTL.ZS,4.67999982833862,0.7833555686885163
56,Oman,OM,OMN,512,ISO 3166-2:OM,Asia,Western Asia,,142.0,145.0,,Oman,-0.52902001,38515.0,,1.985322117,..,98.68,3.5951060843893035,..,..,..,..,41.31893239,..,2.937,2265279584,28,75128738622,5.046423946,81457832151,18190,32280,1.45E+11,36.08647488,1.521005563,99,41.54325475,..,47.94024994,-9.136275276,77.142,70.761204,12.11954816,153.2914555,11.2,106.0507685,..,..,39011703.51,14.47242973,4.845733772,4479217,..,..,0.1,..,103.6480637,..,0.985549986,107.5826797,108.2739029,..,309500,..,13.4434,1.018304162,7.3,..,6.249476283,2016,Inflation, consumer prices (annual %),FP.CPI.TOTL.ZG,1.10920805807029,Unemployment, total (% of total labor force) (modeled ILO estimate),SL.UEM.TOTL.ZS,3.26999998092651,0.9259123589329512
57,Pakistan,PK,PAK,586,ISO 3166-2:PK,Asia,Southern Asia,,142.0,34.0,,Pakistan,-1.06616,5223.0,,22.3283302,..,..,0.0043677032676637485,..,..,..,..,8.736717247,75039343005,3.612,2576000000,38682.4,3.14E+11,5.526735845,2.78E+11,1360,4880,9.94E+11,15.93574696,1.957391614,75,15.96486227,..,18.15011797,13.00192952,66.77,21.43354598,3.59474547,67.02750435,73.8,52.95781056,..,2961110107,19819000000,264.1544157,2.086326177,203631356,..,..,0.1,..,64.95687103,..,0.839510024,40.9597702,91.31745911,75.55556667,796100,..,39.3426,9.794907882,20,15.69935949,2.662027388,2016,Inflation, consumer prices (annual %),FP.CPI.TOTL.ZG,3.76511916356584,Unemployment, total (% of total labor force) (modeled ILO estimate),SL.UEM.TOTL.ZS,3.77900004386902,0.10824311124995713
58,Panama,PA,PAN,591,ISO 3166-2:PA,Americas,Latin America and the Caribbean,Central America,19.0,419.0,13.0,Panama,0.58489698,21449.0,,2.600517927,..,94.6,0.6608189926216345,..,81.1237431,..,..,41.9730052,89440297343,2.514,5248354450,42595,57907695400,4.953434943,51576021365,12780,25840,1.04E+11,40.4994532,9.189192337,95,45.43541203,3.3,26.82320526,2.00204596,77.964,55.48485357,0,127.3636031,16.4,156.3729839,..,22610000.61,502518500,54.46671614,1.713425474,4037073,1.5,22.1,..,..,..,13.09109675,1.003780007,81.93289185,93.12197876,73.33336667,75320,10.37754247,82.8346,5.234950436,6,24.49337239,2.208486075,2016,Inflation, consumer prices (annual %),FP.CPI.TOTL.ZG,0.739734025300028,Unemployment, total (% of total labor force) (modeled ILO estimate),SL.UEM.TOTL.ZS,3.26300001144409,0.45871482045090495
59,Paraguay,PY,PRY,600,ISO 3166-2:PY,Americas,Latin America and the Caribbean,South America,19.0,419.0,5.0,Paraguay,-1.0427901,8786.0,,11.04138737,..,95.5,0.15629206855006833,68.4,..,..,..,37.16548029,16227686956,2.479,577878700,173331.3,36089550659,4.268025833,36762912054,5420,11620,78729150732,19.80617396,7.636267735,85,30.62290769,4.5,34.15190635,4.134754444,73.836,50.56034134,0.951883545,110.4988999,21.6,127.6648201,..,88540000.92,656858400,17.05984898,1.323766099,6777878,1.7,28.9,0.3,1.3,87.18881226,16.86487966,..,..,..,70.00003333,406752,9.559063337,70.9886,6.510362183,35,10.68630307,1.777067114,2016,Inflation, consumer prices (annual %),FP.CPI.TOTL.ZG,4.08682280577242,Unemployment, total (% of total labor force) (modeled ILO estimate),SL.UEM.TOTL.ZS,5.25,0.28607811706271996
60,Peru,PE,PER,604,ISO 3166-2:PE,Americas,Latin America and the Caribbean,South America,19.0,419.0,5.0,Peru,-1.1116101,11776.0,,6.935034617,..,92.4,0.05945088798318673,76.2,..,..,..,22.60031374,69612783914,2.297,6805247718,730102.8,1.92E+11,3.953318715,1.89E+11,6110,11520,3.56E+11,22.02131339,4.799709257,88,22.78852746,4.6,30.55655058,3.08088269,76.044,38.21654514,1.304784399,119.4241828,15,163.0400318,..,320200012.2,2883886545,24.16096563,1.483157205,30926036,4.6,20.7,0.3,3.2,104.5288696,18.27656522,0.982050002,101.9628677,103.0602798,93.33333333,1285220,13.78754764,57.9692,13.11373391,41,17.57996659,1.718151641,2016,Inflation, consumer prices (annual %),FP.CPI.TOTL.ZG,3.55717663556281,Unemployment, total (% of total labor force) (modeled ILO estimate),SL.UEM.TOTL.ZS,3.74000000953674,0.23802647175576627
61,Philippines,PH,PHL,608,ISO 3166-2:PH,Asia,South-eastern Asia,,142.0,35.0,,Philippines,0.0489485,7410.0,,10.20512553,..,..,0.011349142852280988,..,..,..,..,26.67300334,74742411561,2.718,8279548275,70490.4,3.19E+11,7.14945675,3.58E+11,3450,8560,8.87E+11,24.6185031,..,80,35.10306242,..,30.28591717,1.280311744,70.802,44.6440843,1.045585147,115.8522806,29.1,82.95317295,..,283649993.9,31141973475,347.6668075,1.507102557,103663812,..,..,0.1,..,..,14.50973202,1.008820057,88.45581055,110.1739273,82.2222,300000,13.08710069,54.779,3.141386382,25,13.1666299,1.918924351,2016,Inflation, consumer prices (annual %),FP.CPI.TOTL.ZG,1.25369880080986,Unemployment, total (% of total labor force) (modeled ILO estimate),SL.UEM.TOTL.ZS,2.70000004768372,0.42781692575450214
62,Poland,PL,POL,616,ISO 3166-2:PL,Europe,Eastern Europe,,150.0,151.0,,Poland,0.73541802,24838.0,,2.537232618,..,99.8,0.2079449732100956,..,..,..,..,51.92485915,..,1.39,18321000000,94350,4.73E+11,3.141725778,4.83E+11,12720,27210,1.03E+12,19.69801775,10.71431932,96,48.15606441,8,29.52346864,0.311622234,77.85121951,85.33582066,1.938462678,139.5179369,4.7,100.3661511,..,..,6764000000,124.008253,-0.042985131,37970087,0.2,15,..,..,101.7503586,32.84541293,..,108.604332,..,77.7778,312680,16.23053984,11.297,38.03714844,37,..,-0.209018845,2016,Inflation, consumer prices (annual %),FP.CPI.TOTL.ZG,-0.664767331434023,Unemployment, total (% of total labor force) (modeled ILO estimate),SL.UEM.TOTL.ZS,6.15999984741211,1.0283188371657077
63,Portugal,PT,PRT,620,ISO 3166-2:PT,Europe,Southern Europe,,150.0,39.0,,Portugal,0.065732799,25346.0,,2.065810984,..,99.9,0.457346687292721,..,..,..,..,40.21082364,..,1.36,7354810293,33120,2.06E+11,2.019485396,2.06E+11,19940,30840,3.18E+11,15.83252449,5.805325265,98,39.06340599,6.9,19.32796103,1.716662547,81.12439024,59.74339909,2.004124282,112.0724654,3.6,96.81840258,..,..,424677827.9,112.7163842,-0.315459017,10325452,0.4,18.3,0.5,0.4,..,37.08556228,0.969929993,118.0248413,105.7375183,..,92225.6,22.33199325,8.9868,9.0975745,6,..,0.581102101,2016,Inflation, consumer prices (annual %),FP.CPI.TOTL.ZG,0.607397074641661,Unemployment, total (% of total labor force) (modeled ILO estimate),SL.UEM.TOTL.ZS,11.0699996948242,0.8381159659621895
64,Russian Federation,RU,RUS,643,ISO 3166-2:RU,Europe,Eastern Europe,,150.0,151.0,,Russia,0.14287201,23635.0,,3.840217285,..,99.7,0.07542791304761275,..,..,..,..,25.85448298,5.29E+11,1.762,32538900000,8151210.3,1.28E+12,0.193690072,1.43E+12,9730,23460,3.44E+12,23.09542247,15.74546635,98,20.66363686,7,29.17390507,2.844222698,71.65121951,37.06201643,5.425147705,157.718498,7.5,112.904266,..,..,6688670000,8.813796348,0.170245239,144342397,0,13.3,..,..,96.14292908,24.26843082,0.991859972,102.396698,99.81439209,81.11113333,17098250,9.1831221,21.8432,7.611176526,10.1,25.06155846,0.324076821,2016,Inflation, consumer prices (annual %),FP.CPI.TOTL.ZG,7.04244762954798,Unemployment, total (% of total labor force) (modeled ILO estimate),SL.UEM.TOTL.ZS,5.55999994277954,0.5717349349503711
65,Senegal,SN,SEN,686,ISO 3166-2:SN,Africa,Sub-Saharan Africa,Western Africa,2.0,202.0,11.0,Senegal,-0.80859601,2403.0,,14.41402039,..,58.6,0.045061183188944226,25.1,..,..,..,21.5608581,7534426006,4.77,472409799.8,82281.6,19040312815,6.369684417,19107366113,1270,3000,44911774015,25.36167303,2.718665973,93,32.54731111,..,23.34405351,0.942726698,67.078,42.63585414,1.602097454,101.2869961,46.5,110.5376533,..,731219970.7,1980581470,77.87624786,2.807329667,14993514,..,..,0.4,13.8,..,20.81895695,..,..,..,75.55556667,196710,16.37117645,74.9002,14.48995146,6,9.57949598,3.749189966,2016,Inflation, consumer prices (annual %),FP.CPI.TOTL.ZG,0.837284942557418,Unemployment, total (% of total labor force) (modeled ILO estimate),SL.UEM.TOTL.ZS,4.46000003814697,0.19505680918653992
66,Serbia,RS,SRB,688,ISO 3166-2:RS,Europe,Southern Europe,,150.0,39.0,,Serbia,0.074587703,13184.0,,6.811151268,..,..,0.9357704468569159,..,..,..,..,48.51709354,28326797868,1.46,2355214637,27201.8,40692643373,3.338586765,40222276185,5700,14980,1.06E+11,18.07812518,..,82,53.34293142,4.5,25.82012701,1.549888832,75.68780488,83.84562214,1.745155727,129.1774948,6,116.8895556,..,621770019.5,3205371734,80.70343014,-0.523694463,7058322,6.4,25.7,0.1,..,98.83048248,39.76819934,1.008100033,96.23473358,100.5712738,90,88360,23.28991506,15.5176,6.149650149,6.5,29.441063,-0.319220861,2016,Inflation, consumer prices (annual %),FP.CPI.TOTL.ZG,1.12231397417765,Unemployment, total (% of total labor force) (modeled ILO estimate),SL.UEM.TOTL.ZS,15.2600002288818,1.028718565508789
67,Singapore,SG,SGP,702,ISO 3166-2:SG,Asia,South-eastern Asia,,142.0,35.0,,Singapore,2.12695,65729.0,,0.031602822,..,99.7,1.4662092665913242,..,..,..,..,164.7717536,..,1.2,65363061550,162.855,3.19E+11,3.56169799,2.99E+11,53250,83960,4.71E+11,26.4784649,52.22571142,95,138.559211,..,23.26968876,0.442642042,82.84634146,192.5211946,3.099315294,149.6506495,2.7,86.43336376,..,..,0,7908.720733,1.297436099,5607283,..,..,0.3,..,99.78926849,18.47958943,0.995970011,107.8590088,100.7732086,..,719,13.31835814,3.6058,2.486652527,2.5,..,1.297436099,2016,Inflation, consumer prices (annual %),FP.CPI.TOTL.ZG,-0.53226873971629,Unemployment, total (% of total labor force) (modeled ILO estimate),SL.UEM.TOTL.ZS,4.07999992370605,2.7285522043329054
68,Slovakia,SK,SVK,703,ISO 3166-2:SK,Europe,Eastern Europe,,150.0,151.0,,Slovakia,0.866871,25364.0,,2.244574202,..,98.1,1.068029516104263,..,..,..,..,93.7552716,..,1.48,4742874364,19233.7,89674927723,1.931680804,91161834758,16790,28860,1.57E+11,23.01101046,10.73716325,95,90.805224,8.7,29.33499651,-0.512184923,77.16585366,169.2111762,1.119041611,128.4435529,6.1,93.3594294,..,..,2119834516,112.9533694,0.12892233,5430798,1.4,12.4,0.1,..,92.44306183,38.05134682,1.00346005,91.25234222,97.85217285,83.33333333,49030,18.14781305,25.04,37.28351573,26.5,..,-0.02521845,2016,Inflation, consumer prices (annual %),FP.CPI.TOTL.ZG,-0.520010196278324,Unemployment, total (% of total labor force) (modeled ILO estimate),SL.UEM.TOTL.ZS,9.67000007629395,1.559284103206919
69,South Africa,ZA,ZAF,710,ISO 3166-2:ZA,Africa,Sub-Saharan Africa,Southern Africa,2.0,202.0,18.0,South Africa,-0.038537599,12139.0,,2.414186074,..,96.7,0.13456779690251766,54.6,150.9841698,..,..,28.15608817,1.44E+11,2.457,2215307020,171956.9,3.24E+11,0.664552308,3.36E+11,5990,13400,7.53E+11,16.96045229,6.655423379,84,27.70516933,..,23.7825373,6.952171961,63.153,51.88922093,1.065199645,146.6221873,35.2,144.8522059,..,1180280029,755434048.9,46.33427775,1.471933429,56207649,..,..,18.4,5.9,87.25533295,29.040659,1.017809987,107.1769485,103.1849594,82.22223333,1219090,24.82835599,68.7216,12.98500928,45,14.59198977,2.260144616,2016,Inflation, consumer prices (annual %),FP.CPI.TOTL.ZG,6.57139642173959,Unemployment, total (% of total labor force) (modeled ILO estimate),SL.UEM.TOTL.ZS,26.5400009155273,0.2998750035839579
70,Spain,ES,ESP,724,ISO 3166-2:ES,Europe,Southern Europe,,150.0,39.0,,Spain,0.38709399,30110.0,,2.825720032,..,..,0.11432509019973341,..,..,..,..,33.8800905,..,1.34,44253339408,185552.4,1.23E+12,3.03130133,1.28E+12,27550,37380,1.74E+12,18.75332184,7.801115313,97,29.89253394,5.7,20.00852905,0.322898794,83.32926829,48.73839581,1.13772804,110.480234,3.3,93.37665762,..,..,2632183875,93.04926296,0.08443015,46484062,1.1,21.6,0.3,..,101.2097321,..,1.010229945,126.1904602,104.2141724,..,505935,..,7.9744,15.19563264,13,..,0.382971719,2016,Inflation, consumer prices (annual %),FP.CPI.TOTL.ZG,-0.202598000426425,Unemployment, total (% of total labor force) (modeled ILO estimate),SL.UEM.TOTL.ZS,19.6299991607666,0.7033956063273878
71,Sri Lanka,LK,LKA,144,ISO 3166-2:LK,Asia,Southern Asia,,142.0,34.0,,Sri Lanka,-0.85233599,11149.0,,7.426799696,..,99.5,0.048780248785549214,64.6,..,..,..,21.17398379,46661458616,2.211,897049375.9,21256.6,82401038710,4.486634531,80682231247,3810,11900,2.52E+11,27.85217934,0.943903956,99,28.46210293,7.1,27.82097639,4.84313582,76.482,35.79202454,2.114142415,122.7200854,8.2,114.5264448,..,373480011,7261851525,342.5750893,1.104983619,21203000,1.3,4.1,0.1,20.5,101.1092682,14.05171305,1.011459947,97.62885284,101.4740372,83.33333333,65610,12.20138961,21.1102,3.378798485,9,18.90771731,1.405798247,2016,Inflation, consumer prices (annual %),FP.CPI.TOTL.ZG,3.95888846593072,Unemployment, total (% of total labor force) (modeled ILO estimate),SL.UEM.TOTL.ZS,4.23999977111816,0.5765447555812537
72,Sweden,SE,SWE,752,ISO 3166-2:SE,Europe,Northern Europe,,150.0,154.0,,Sweden,1.59228,44659.0,,1.398744426,..,..,0.3938350535141037,..,..,..,..,42.69147827,..,1.85,15642287790,279800,5.16E+11,2.070593151,5.39E+11,54360,50720,5.03E+11,24.71538705,17.83173311,97,39.62916682,8.1,21.71325637,1.525609914,82.30731707,54.36021731,1.053016389,127.5231707,2.8,91.97061395,..,..,2820821968,24.36244975,1.256453985,9923085,0.3,15.8,..,..,105.2293091,33.47095411,1.071339965,144.9093475,124.8510513,..,528449.29,28.1205047,5.1434,12.86528285,7,..,1.601319652,2016,Inflation, consumer prices (annual %),FP.CPI.TOTL.ZG,0.984269244577978,Unemployment, total (% of total labor force) (modeled ILO estimate),SL.UEM.TOTL.ZS,6.98999977111816,0.9305899183842754
73,Switzerland,CH,CHE,756,ISO 3166-2:CH,Europe,Western Europe,,150.0,155.0,,Switzerland,2.5962501,59662.0,,0.650721667,..,..,0.565802595930082,..,..,..,..,65.67369307,..,1.54,1.67E+11,12553.5,6.96E+11,2.045186469,7.07E+11,84420,67820,5.68E+11,24.75427965,27.3348971,94,54.05447335,7.6,24.4548562,-0.596719888,83.60243902,82.3788761,0.657387011,134.1553264,4.2,109.6663602,..,..,2524093963,211.8972478,1.092031174,8373338,0,15.5,0.2,..,96.82687378,17.25683702,0.976130009,102.5653763,104.6291122,..,41290.39,9.300428033,2.911,9.650516379,10,..,1.120513599,2016,Inflation, consumer prices (annual %),FP.CPI.TOTL.ZG,-0.434618664285843,Unemployment, total (% of total labor force) (modeled ILO estimate),SL.UEM.TOTL.ZS,4.92000007629395,1.228958276462466
74,"Tanzania, United Republic of",TZ,TZA,834,ISO 3166-2:TZ,Africa,Sub-Saharan Africa,Eastern Africa,2.0,202.0,14.0,Tanzania,-1.20639,2660.0,,27.44414257,..,63.7,0.003979787002001971,38.4,..,..,..,16.34997466,19435911411,5.015,864040000,476210,49774021003,6.867116196,50067603079,970,2420,1.25E+11,32.1747865,2.319270409,83,19.07049537,..,24.85839937,7.472033668,63.844,27.72530674,1.093691934,75.48495237,56,172.3805639,..,2316530029,402531458.3,59.8884974,2.997574458,53049231,..,..,5.1,..,61.57209015,12.40269806,1.037510037,26.71446037,85.29785919,73.33336667,947300,11.39033994,119.34,30.84345256,29,8.590715762,5.236916157,2016,Inflation, consumer prices (annual %),FP.CPI.TOTL.ZG,5.17476629301494,Unemployment, total (% of total labor force) (modeled ILO estimate),SL.UEM.TOTL.ZS,2.15799999237061,-0.3609859565909494
75,Tunisia,TN,TUN,788,ISO 3166-2:TN,Africa,Northern Africa,,2.0,15.0,,Tunisia,-0.0927338,11073.0,,8.525542941,..,..,0.23172803310561924,..,87.79189834,..,..,38.29541614,28827327849,2.238,622569482.2,6966.1,44360614525,1.117425859,45033303490,3980,10700,1.21E+11,20.47507205,7.855927697,96,48.79752242,..,24.00736305,4.934516468,76.115,74.46695758,2.360819737,126.3459615,17.1,105.8534176,..,646820007.3,1821247343,72.75966787,1.102942955,11303942,..,..,0.1,..,99.01363373,..,1.067800045,92.86579895,114.9201736,76.6667,163610,..,7.7908,5.208609526,13,12.01770116,1.52816067,2016,Inflation, consumer prices (annual %),FP.CPI.TOTL.ZG,3.62939937384383,Unemployment, total (% of total labor force) (modeled ILO estimate),SL.UEM.TOTL.ZS,15.5600004196167,0.9775078827827434
76,Turkey,TR,TUR,792,ISO 3166-2:TR,Asia,Western Asia,,142.0,145.0,,Turkey,-0.038313299,17906.0,,6.142292064,..,..,0.058782372980323114,..,80.05075166,..,..,23.08350913,4.09E+11,2.092,13835000000,216303,8.70E+11,3.323084208,8.99E+11,11260,26230,2.09E+12,28.01960361,3.038095594,98,25.2446771,5.7,28.08295977,8.130478078,76.86,40.40920371,2.050324605,94.02943867,12.1,101.6671584,..,3609090088,1186000000,103.7223965,1.639942404,79827868,0.2,13.5,..,..,..,31.00342199,0.981840014,102.7405319,100.9476471,77.7778,785350,18.26558723,27.4958,0.190624823,10,37.24056332,2.347922864,2016,Inflation, consumer prices (annual %),FP.CPI.TOTL.ZG,7.77513415328334,Unemployment, total (% of total labor force) (modeled ILO estimate),SL.UEM.TOTL.ZS,10.8400001525879,0.4231498326610122
77,United Arab Emirates,AE,ARE,784,ISO 3166-2:AE,Asia,Western Asia,,142.0,145.0,,United Arab Emirates,0.241859,75876.0,,0.776040796,..,..,2.294704195877032,..,109.1983083,..,..,101.0029881,..,1.491,9604773000,3173,3.57E+11,2.984216091,3.80E+11,40550,64340,6.02E+11,26.01972056,2.617915574,99,75.74461474,..,41.44865791,-3.193219003,77.47,157.2929896,..,212.6389865,7.4,151.4371833,..,..,..,131.8075894,1.053270899,9360975,..,..,..,..,..,4.031391454,0.960950017,95.34329224,108.6727066,..,98647.9,0.043494689,8.5908,9.235667522,8.3,..,1.392346965,2016,Inflation, consumer prices (annual %),FP.CPI.TOTL.ZG,1.61748808904192,Unemployment, total (% of total labor force) (modeled ILO estimate),SL.UEM.TOTL.ZS,1.63999998569489,1.728162869583096
78,United Kingdom of Great Britain and Northern Ireland,GB,GBR,826,ISO 3166-2:GB,Europe,Northern Europe,,150.0,154.0,,United Kingdom,1.54527,37334.0,,0.566834504,..,..,0.0884600493086641,..,..,..,..,28.22078132,..,1.79,3.25E+11,31590,2.72E+12,2.263463538,2.85E+12,43460,43520,2.86E+12,17.8103854,23.54590134,92,29.85850708,7.1,17.60340726,1.901106634,81.15609756,38.47388753,1.981438255,119.0555562,4.4,99.66765764,..,..,4582283767,271.2007316,0.757874493,65611593,0.2,17,..,..,100.8825531,33.13847106,..,..,101.3352127,..,243610,25.09934852,14.3918,22.26206452,4.5,..,1.072051621,2016,Inflation, consumer prices (annual %),FP.CPI.TOTL.ZG,1.00841736811403,Unemployment, total (% of total labor force) (modeled ILO estimate),SL.UEM.TOTL.ZS,4.80999994277954,0.6656139125199342
79,United States of America,US,USA,840,ISO 3166-2:US,Americas,Northern America,,19.0,21.0,,United States,1.55257,53015.0,,0.942644553,..,99.1,0.04689325193407885,75.9,232.3489472,..,..,11.93953873,..,1.8205,4.74E+11,3100950,1.87E+13,1.667472076,1.85E+13,57140,58870,1.90E+13,20.5667783,22.41134286,92,14.64746063,5.2,18.04222128,1.00223548,78.53902439,19.79750231,3.418942337,122.5945483,6.7,100.0834725,..,..,6330000000,35.31834714,0.724676067,323071755,1,..,0.4,1.4,..,18.66564488,0.996259987,98.76992798,101.3628616,..,9831510,10.91413748,21.4754,26.32619972,5.6,..,0.958268061,2016,Inflation, consumer prices (annual %),FP.CPI.TOTL.ZG,1.26158320570537,Unemployment, total (% of total labor force) (modeled ILO estimate),SL.UEM.TOTL.ZS,4.86999988555908,0.3663795480853193
80,Uruguay,UY,URY,858,ISO 3166-2:UY,Americas,Latin America and the Caribbean,South America,19.0,419.0,5.0,Uruguay,-0.35088101,19468.0,,6.696500143,..,100,0.5560896628320288,..,..,..,..,26.95431164,..,1.991,-515650078.4,19470,57236652490,1.689798164,52873164214,15440,21410,73313363122,17.45474594,10.59605362,95,21.61887368,5.7,18.84951629,16.6136839,77.498,26.52146717,1.873463798,149.4317533,8.4,120.5816946,..,18250000,90443153.01,19.56427265,0.354761355,3424139,0.1,..,0.5,3.2,104.6961899,33.25126971,..,115.9551163,109.7077789,88.88886667,176220,21.8249441,59.1122,2.325009342,6.5,..,0.45886663,2016,Inflation, consumer prices (annual %),FP.CPI.TOTL.ZG,9.63941347635073,Unemployment, total (% of total labor force) (modeled ILO estimate),SL.UEM.TOTL.ZS,7.84000015258789,0.3265230101609653
81,Zimbabwe,ZW,ZWE,716,ISO 3166-2:ZW,Africa,Sub-Saharan Africa,Eastern Africa,2.0,202.0,14.0,Zimbabwe,-1.13868,1534.0,,7.873985821,..,..,0.05598160500481172,..,..,..,..,19.94353155,11464935181,3.804,343013813.4,176288.6,20548678100,0.755869251,19433893265,1390,2750,38618264690,9.861370596,5.164383014,95,31.27549309,..,22.11505907,2.160992696,60.294,42.19736159,1.742493552,91.79345804,58.7,116.2346684,..,652750000,1856034931,36.26816079,1.549294088,14030338,..,..,13.8,..,99.26583862,17.19471915,..,..,101.3096771,55.55553333,390760,15.45834082,90.6766,27.21454241,91,30.46769234,1.274093843,2016,Inflation, consumer prices (annual %),FP.CPI.TOTL.ZG,-1.54366960054164,Unemployment, total (% of total labor force) (modeled ILO estimate),SL.UEM.TOTL.ZS,4.78800010681152,0.037431847006849345
